id,first_name,last_name,email,gender,ip_address
1,Annette,Crayden,acrayden0@japanpost.jp,Female,225.231.54.173
2,Carver,Letixier,cletixier1@goo.gl,Female,73.17.13.112
3,Karna,Vanacci,kvanacci2@chicagotribune.com,Male,235.20.173.61
4,Agna,De La Cote,adelacote3@prweb.com,Female,42.242.39.14
5,Cassandry,Truckell,ctruckell4@netlog.com,Male,31.241.31.65
6,Tani,Fridd,tfridd5@livejournal.com,Male,149.193.192.22
7,Ezechiel,Hatchell,ehatchell6@livejournal.com,Female,71.41.194.161
8,Mira,Vallack,mvallack7@naver.com,Male,149.220.130.220
9,Ynez,Cazereau,ycazereau8@freewebs.com,Male,124.253.179.81
10,Kayne,Willshire,kwillshire9@ihg.com,Female,122.249.215.94
11,Yovonnda,Hainsworth,yhainswortha@edublogs.org,Agender,59.149.41.186
12,Jephthah,Livick,jlivickb@tumblr.com,Polygender,56.200.83.110
13,Nanni,Coopman,ncoopmanc@nytimes.com,Male,226.73.243.176
14,Rora,Barczynski,rbarczynskid@craigslist.org,Female,26.77.11.232
15,Wolfgang,Bonome,wbonomee@independent.co.uk,Female,10.121.178.141
16,Briant,Copley,bcopleyf@alibaba.com,Polygender,68.134.162.168
17,Bernadine,Kersey,bkerseyg@aboutads.info,Female,250.239.121.195
18,Valaria,Blade,vbladeh@theatlantic.com,Male,199.226.59.244
19,Marissa,Constantine,mconstantinei@dailymail.co.uk,Male,115.114.233.72
20,Pall,Spottiswood,pspottiswoodj@domainmarket.com,Male,21.131.145.197
21,Minetta,Barbrick,mbarbrickk@google.com.br,Male,6.208.21.47
22,Marquita,Ingleby,minglebyl@nature.com,Male,82.79.121.210
23,Teddy,Mannie,tmanniem@google.com.au,Male,200.105.19.234
24,Shell,Carthy,scarthyn@quantcast.com,Female,117.44.14.219
25,Cristobal,Laughnan,claughnano@wsj.com,Female,146.204.26.136
26,Idalina,Breming,ibremingp@amazon.co.uk,Male,244.61.67.247
27,Michel,Lynd,mlyndq@tmall.com,Male,228.136.100.17
28,Phyllys,Evered,peveredr@craigslist.org,Male,143.17.106.66
29,Abelard,Rasp,arasps@ask.com,Male,136.244.177.197
30,Buddy,Brettel,bbrettelt@ustream.tv,Female,171.207.80.154
31,Robinette,Welfair,rwelfairu@chronoengine.com,Female,232.163.244.84
32,Max,Lodovichi,mlodovichiv@noaa.gov,Female,212.238.63.133
33,Adolphe,Tossell,atossellw@shutterfly.com,Female,27.249.41.192
34,Hasty,Hebbs,hhebbsx@liveinternet.ru,Female,3.219.53.124
35,Reese,Sorrell,rsorrelly@webeden.co.uk,Female,230.174.213.249
36,Allissa,Maybey,amaybeyz@macromedia.com,Female,185.154.52.81
37,Almire,Jakubski,ajakubski10@wunderground.com,Male,140.10.144.22
38,Blair,Munton,bmunton11@nba.com,Male,215.233.208.20
39,Valle,Pethybridge,vpethybridge12@google.com.au,Male,106.6.7.140
40,Joell,Grunguer,jgrunguer13@exblog.jp,Male,234.173.103.153
41,Gerty,Nowell,gnowell14@sogou.com,Male,57.236.179.244
42,Diena,Crichten,dcrichten15@studiopress.com,Female,106.178.176.242
43,Thibaud,Macauley,tmacauley16@wikispaces.com,Female,31.226.28.215
44,Hodge,Kindleysides,hkindleysides17@si.edu,Male,62.16.70.110
45,Madelina,Ivel,mivel18@friendfeed.com,Female,213.193.60.33
46,Lina,Mc Kellen,lmckellen19@virginia.edu,Female,212.53.242.206
47,Dougie,Jozefiak,djozefiak1a@bloglines.com,Non-binary,43.98.124.143
48,Ethelbert,Ough,eough1b@discuz.net,Male,109.159.250.147
49,Rivy,Crosse,rcrosse1c@hud.gov,Female,57.160.73.144
50,Loutitia,Friedank,lfriedank1d@i2i.jp,Female,113.150.203.129
51,Franciskus,Slogrove,fslogrove1e@furl.net,Female,51.53.206.84
52,Kial,Fullerd,kfullerd1f@go.com,Female,213.130.68.62
53,Hildagarde,Carling,hcarling1g@amazon.de,Bigender,221.139.131.197
54,Ignazio,Lummus,ilummus1h@amazon.com,Male,13.83.134.134
55,Flem,Rowsell,frowsell1i@skyrock.com,Female,207.233.188.73
56,Roz,Jacobson,rjacobson1j@nhs.uk,Female,146.69.231.66
57,Jeffy,Lias,jlias1k@loc.gov,Female,172.65.139.102
58,Reinwald,Gandley,rgandley1l@github.io,Male,94.204.198.176
59,Charmine,Marmyon,cmarmyon1m@disqus.com,Female,21.226.145.18
60,Maureene,Gallanders,mgallanders1n@hexun.com,Female,62.124.225.12
61,Carine,Lortz,clortz1o@senate.gov,Male,108.59.98.247
62,Elladine,Patters,epatters1p@cocolog-nifty.com,Male,179.185.192.187
63,Thalia,Tollow,ttollow1q@economist.com,Male,70.8.238.55
64,Jordan,Chancelier,jchancelier1r@diigo.com,Female,191.2.20.215
65,Ezechiel,Hoppner,ehoppner1s@newsvine.com,Male,31.204.106.146
66,Rolph,Andreev,randreev1t@narod.ru,Male,113.108.186.190
67,Ashely,Owbridge,aowbridge1u@devhub.com,Female,212.186.95.109
68,Byrann,Depport,bdepport1v@w3.org,Female,97.80.156.171
69,Cobbie,Dobrowski,cdobrowski1w@soundcloud.com,Male,58.17.69.87
70,Jobina,Oswal,joswal1x@tumblr.com,Genderfluid,65.198.199.106
71,Sapphire,Tiler,stiler1y@ovh.net,Non-binary,103.214.71.52
72,Brynne,Lacase,blacase1z@elegantthemes.com,Female,82.46.178.202
73,Henrietta,Wenman,hwenman20@nps.gov,Male,101.189.1.56
74,Alyda,Bonsall,abonsall21@state.tx.us,Male,86.153.88.85
75,Sally,Stubbe,sstubbe22@thetimes.co.uk,Female,124.79.39.133
76,Jay,Frohock,jfrohock23@globo.com,Female,139.145.131.134
77,Towney,Potten,tpotten24@studiopress.com,Female,233.75.105.97
78,Kingsly,Sherred,ksherred25@live.com,Male,170.227.210.174
79,Babette,Haddington,bhaddington26@squidoo.com,Female,88.15.92.158
80,Port,Casellas,pcasellas27@slideshare.net,Female,195.204.153.145
81,Rikki,Speachley,rspeachley28@desdev.cn,Male,70.58.252.6
82,Hieronymus,Emmerson,hemmerson29@who.int,Female,208.60.35.138
83,Talbot,Gunthorpe,tgunthorpe2a@lulu.com,Male,250.22.0.252
84,Tanhya,Pardi,tpardi2b@ning.com,Female,211.48.195.230
85,Dalston,Dagnall,ddagnall2c@columbia.edu,Male,149.70.110.111
86,Kania,Kohnert,kkohnert2d@clickbank.net,Male,198.28.177.66
87,Kaiser,Verity,kverity2e@odnoklassniki.ru,Male,8.2.142.70
88,Ag,Meriet,ameriet2f@microsoft.com,Male,124.151.225.138
89,Arthur,Goadby,agoadby2g@arstechnica.com,Male,18.5.47.113
90,Drew,Tuckerman,dtuckerman2h@miitbeian.gov.cn,Female,152.104.114.112
91,Doti,Ruberry,druberry2i@amazon.com,Male,91.55.230.18
92,Zeke,Gedling,zgedling2j@hubpages.com,Female,30.246.203.52
93,Quillan,Cotsford,qcotsford2k@whitehouse.gov,Male,31.174.79.250
94,Anselm,Jannings,ajannings2l@fastcompany.com,Male,233.190.162.11
95,Fredra,Lamshead,flamshead2m@bloomberg.com,Male,172.219.46.91
96,Bendicty,Slym,bslym2n@webs.com,Male,248.64.139.185
97,Kira,Rushford,krushford2o@sohu.com,Female,133.89.177.35
98,Baxie,MacAiline,bmacailine2p@sitemeter.com,Female,134.114.22.222
99,Cassandre,Leguey,cleguey2q@artisteer.com,Male,46.69.157.249
100,Hillyer,Walthew,hwalthew2r@cnn.com,Male,121.89.64.31
101,Gunther,Gouldeby,ggouldeby2s@aboutads.info,Female,48.220.214.92
102,Karin,de Najera,kdenajera2t@pcworld.com,Male,60.166.178.11
103,Jo,Headingham,jheadingham2u@com.com,Male,240.189.155.229
104,Myriam,Burchmore,mburchmore2v@naver.com,Male,43.224.156.249
105,Alanson,Walesa,awalesa2w@biblegateway.com,Male,76.125.109.232
106,Ring,Ferroli,rferroli2x@g.co,Female,128.64.184.29
107,Terencio,Kinghorn,tkinghorn2y@google.fr,Genderfluid,119.112.33.108
108,Issie,Cluatt,icluatt2z@amazon.co.jp,Female,67.45.223.151
109,Rochella,Hancell,rhancell30@elpais.com,Male,134.102.4.76
110,Tim,Bakhrushin,tbakhrushin31@sourceforge.net,Male,65.181.21.49
111,Lindsay,Foxwell,lfoxwell32@multiply.com,Male,60.226.195.249
112,Jerrylee,Tregent,jtregent33@forbes.com,Female,62.2.165.8
113,Maynard,Hannigane,mhannigane34@yahoo.com,Female,133.131.28.84
114,Hobey,Matthewes,hmatthewes35@opera.com,Bigender,77.105.43.110
115,Scot,Stealfox,sstealfox36@ihg.com,Female,119.115.252.218
116,Deeyn,Plunkett,dplunkett37@ow.ly,Male,217.110.186.114
117,Leroy,Heaphy,lheaphy38@phoca.cz,Female,88.124.38.208
118,Sibylla,Pooly,spooly39@paginegialle.it,Male,191.14.142.132
119,Gaylene,Tillard,gtillard3a@nsw.gov.au,Male,248.236.69.79
120,Marika,Magovern,mmagovern3b@istockphoto.com,Male,38.26.209.55
121,Roland,Cody,rcody3c@sbwire.com,Female,158.222.189.128
122,Ysabel,Morehall,ymorehall3d@quantcast.com,Male,32.147.154.210
123,Willamina,Cestard,wcestard3e@cisco.com,Female,234.204.46.215
124,Solomon,Mucklestone,smucklestone3f@yale.edu,Female,8.17.131.40
125,Liliane,Seathwright,lseathwright3g@ca.gov,Female,212.20.200.159
126,Ruth,Isgate,risgate3h@xrea.com,Male,123.211.150.245
127,Radcliffe,Rablin,rrablin3i@accuweather.com,Male,99.15.145.35
128,Duky,Slack,dslack3j@oracle.com,Male,41.31.76.5
129,Edlin,Greenroad,egreenroad3k@facebook.com,Male,118.174.209.124
130,Loni,Kilcullen,lkilcullen3l@yellowpages.com,Genderfluid,199.158.202.165
131,Samuele,Slesser,sslesser3m@aboutads.info,Male,51.62.137.223
132,Pietro,Gingell,pgingell3n@ovh.net,Male,100.123.149.162
133,Annelise,Maunsell,amaunsell3o@arstechnica.com,Female,188.158.112.106
134,Windy,Andriulis,wandriulis3p@joomla.org,Female,236.65.116.115
135,Roanne,Tomaszczyk,rtomaszczyk3q@wikispaces.com,Female,143.63.175.134
136,Pace,Blackader,pblackader3r@nasa.gov,Female,54.162.172.231
137,Kellen,De Filippo,kdefilippo3s@domainmarket.com,Female,130.90.201.167
138,Errick,Delve,edelve3t@sina.com.cn,Female,226.11.22.195
139,Dael,Crumly,dcrumly3u@google.fr,Male,216.169.95.37
140,Alexis,Hobble,ahobble3v@google.co.jp,Male,65.160.31.86
141,Harwilll,Urion,hurion3w@lycos.com,Male,109.117.21.200
142,Brynna,Aleixo,baleixo3x@com.com,Male,149.193.58.170
143,Dennis,Ogbourne,dogbourne3y@sfgate.com,Male,226.32.179.111
144,Adriena,Kenwrick,akenwrick3z@berkeley.edu,Male,19.195.202.196
145,Alon,Bullivent,abullivent40@amazonaws.com,Male,12.78.209.216
146,Xylia,Huxton,xhuxton41@miitbeian.gov.cn,Female,114.92.54.4
147,Kylynn,Stavers,kstavers42@istockphoto.com,Female,237.196.84.78
148,Vernice,Emberton,vemberton43@com.com,Male,38.37.237.240
149,Ellynn,McQuaid,emcquaid44@nydailynews.com,Male,43.28.116.22
150,Kala,Backshill,kbackshill45@google.es,Female,245.3.255.164
151,Carolyne,Prew,cprew46@dropbox.com,Female,140.216.55.4
152,Burgess,Petrov,bpetrov47@nytimes.com,Female,48.208.179.221
153,Gaynor,Krienke,gkrienke48@alexa.com,Polygender,30.158.82.25
154,Brandy,Bridgland,bbridgland49@goo.ne.jp,Male,86.124.156.168
155,Row,Ware,rware4a@accuweather.com,Genderfluid,79.92.59.204
156,Elise,Lympenie,elympenie4b@aboutads.info,Male,221.50.162.83
157,Lethia,Dehm,ldehm4c@slideshare.net,Female,39.36.108.210
158,Rubin,Wyld,rwyld4d@cam.ac.uk,Female,211.18.194.105
159,Hamnet,Mushet,hmushet4e@europa.eu,Female,86.82.206.23
160,Kathleen,Suttaby,ksuttaby4f@artisteer.com,Female,192.63.71.4
161,Ashleigh,Eleshenar,aeleshenar4g@clickbank.net,Genderqueer,156.190.152.122
162,Doyle,Newark,dnewark4h@npr.org,Male,16.103.219.72
163,Sibelle,Caves,scaves4i@opensource.org,Agender,73.98.165.188
164,Wilburt,Biers,wbiers4j@uol.com.br,Female,104.77.37.128
165,Hunfredo,Bigglestone,hbigglestone4k@google.com.au,Female,109.98.34.241
166,Conan,Brands,cbrands4l@yahoo.com,Male,94.61.174.163
167,Letta,Jeffes,ljeffes4m@ted.com,Male,223.70.253.78
168,York,Maletratt,ymaletratt4n@drupal.org,Male,176.110.36.211
169,Delmar,Duckers,dduckers4o@craigslist.org,Female,245.220.37.31
170,Dina,MattiCCI,dmatticci4p@t-online.de,Male,144.73.195.127
171,Petey,Clingan,pclingan4q@pinterest.com,Male,73.227.218.124
172,Angelita,Escalante,aescalante4r@nasa.gov,Female,167.190.140.3
173,Bidget,Joicey,bjoicey4s@kickstarter.com,Male,135.113.3.81
174,Hermione,Reisin,hreisin4t@mayoclinic.com,Female,30.202.151.55
175,Fern,Van der Beek,fvanderbeek4u@nhs.uk,Female,251.90.239.195
176,Libbey,Gorring,lgorring4v@cafepress.com,Non-binary,154.52.248.239
177,Grace,Purse,gpurse4w@goodreads.com,Female,142.27.151.175
178,Stavro,Dunkerly,sdunkerly4x@wunderground.com,Male,160.131.95.161
179,Krysta,Ferreira,kferreira4y@theatlantic.com,Male,78.59.56.208
180,Margot,Jorck,mjorck4z@cnn.com,Male,144.119.77.240
181,Edita,Bauld,ebauld50@army.mil,Female,49.104.243.55
182,Illa,Kneel,ikneel51@abc.net.au,Male,43.175.211.170
183,Maude,Carrick,mcarrick52@google.com.hk,Female,215.33.213.157
184,Marika,Sebring,msebring53@cnbc.com,Non-binary,238.36.24.8
185,Franciska,McGillicuddy,fmcgillicuddy54@jalbum.net,Female,62.44.56.150
186,Marylinda,Veronique,mveronique55@smh.com.au,Female,2.183.45.27
187,Liv,Joselin,ljoselin56@newyorker.com,Genderfluid,10.227.1.168
188,Gaultiero,Mellanby,gmellanby57@elpais.com,Male,184.169.222.9
189,Jo,Zecchii,jzecchii58@who.int,Female,54.61.170.162
190,Towney,Fuller,tfuller59@yale.edu,Female,230.19.38.121
191,Demeter,Gadsby,dgadsby5a@umich.edu,Male,104.62.126.138
192,Dian,Muslim,dmuslim5b@cafepress.com,Female,97.218.143.247
193,Salvatore,Beincken,sbeincken5c@oracle.com,Female,149.15.241.2
194,Bonita,Bittleson,bbittleson5d@etsy.com,Female,215.119.236.76
195,Livvy,Peirpoint,lpeirpoint5e@deviantart.com,Male,159.38.161.14
196,Eduard,Glenister,eglenister5f@nydailynews.com,Male,47.191.69.0
197,Kaja,Krout,kkrout5g@unblog.fr,Male,244.190.18.235
198,Anatollo,Dentith,adentith5h@ca.gov,Male,20.46.39.49
199,Glenna,Willerstone,gwillerstone5i@google.de,Female,28.119.224.6
200,Anton,Folca,afolca5j@mail.ru,Male,17.180.165.112
201,Danila,Kumar,dkumar5k@abc.net.au,Female,90.56.235.190
202,Bryce,Tomasz,btomasz5l@exblog.jp,Female,105.160.90.129
203,Karylin,O'Docherty,kodocherty5m@mail.ru,Female,148.62.181.143
204,Mercy,Cammack,mcammack5n@samsung.com,Male,152.94.114.148
205,Dukie,Wibrew,dwibrew5o@google.com.hk,Male,230.20.186.86
206,Kristien,Alvaro,kalvaro5p@wordpress.com,Male,181.50.163.66
207,Care,Redding,credding5q@nasa.gov,Male,233.252.133.181
208,Jason,Meneux,jmeneux5r@amazon.co.uk,Male,37.113.51.42
209,Alonso,Lonergan,alonergan5s@odnoklassniki.ru,Female,36.153.212.37
210,Wilmer,Charlesworth,wcharlesworth5t@umn.edu,Male,81.23.47.5
211,Merle,Boulstridge,mboulstridge5u@marketwatch.com,Male,81.147.92.235
212,Doralin,Adaway,dadaway5v@webs.com,Female,76.86.30.109
213,Montague,Ogley,mogley5w@gizmodo.com,Female,135.183.211.252
214,Wilek,Quigley,wquigley5x@virginia.edu,Genderfluid,74.91.186.50
215,Jory,Shanklin,jshanklin5y@goodreads.com,Male,64.42.51.223
216,Bank,Pattle,bpattle5z@ustream.tv,Male,164.80.82.146
217,Candis,Edon,cedon60@alibaba.com,Female,111.194.135.217
218,Corny,Cornelissen,ccornelissen61@hugedomains.com,Bigender,153.39.54.223
219,Gladys,Ridgwell,gridgwell62@moonfruit.com,Male,41.217.245.109
220,Gustie,McGiffin,gmcgiffin63@vistaprint.com,Female,207.155.224.8
221,Merv,Melmar,mmelmar64@slashdot.org,Female,197.36.28.158
222,Rollins,Inkpen,rinkpen65@statcounter.com,Male,219.228.66.200
223,Helga,Kenaway,hkenaway66@sciencedirect.com,Female,55.131.93.241
224,Timi,Pinock,tpinock67@desdev.cn,Male,190.234.65.20
225,Blaine,Daal,bdaal68@google.co.uk,Male,37.242.214.88
226,Trescha,Jamrowicz,tjamrowicz69@ovh.net,Male,154.180.179.210
227,Kevon,Veale,kveale6a@nbcnews.com,Male,115.79.212.107
228,Nicolai,Ronci,nronci6b@army.mil,Genderqueer,14.69.250.42
229,Sheryl,Brailsford,sbrailsford6c@cloudflare.com,Male,93.59.245.87
230,Nial,Keepin,nkeepin6d@spiegel.de,Male,133.176.221.36
231,Niko,Spollen,nspollen6e@who.int,Male,43.190.125.220
232,Crin,Redmire,credmire6f@washingtonpost.com,Male,119.241.33.238
233,Jessey,Paszak,jpaszak6g@live.com,Male,249.175.217.169
234,Doyle,Fader,dfader6h@statcounter.com,Male,55.158.190.203
235,Baillie,Oswald,boswald6i@ustream.tv,Male,137.150.117.208
236,Zachary,Paolucci,zpaolucci6j@ox.ac.uk,Male,89.128.84.16
237,Allys,Dalwood,adalwood6k@wordpress.com,Male,18.144.111.3
238,Heath,Pudden,hpudden6l@rakuten.co.jp,Male,187.57.128.78
239,Hughie,Sheather,hsheather6m@jugem.jp,Male,93.103.150.80
240,Antons,Earwaker,aearwaker6n@dagondesign.com,Female,229.223.247.217
241,Tamera,Kitlee,tkitlee6o@usgs.gov,Male,135.28.81.75
242,Virgie,Sprason,vsprason6p@naver.com,Male,191.126.113.254
243,Lynea,O'Connell,loconnell6q@icq.com,Male,204.44.13.210
244,Cullen,Bruyett,cbruyett6r@youku.com,Male,16.27.133.205
245,Wendye,Stigers,wstigers6s@google.com.br,Female,242.233.57.229
246,Ilaire,Cromblehome,icromblehome6t@who.int,Male,76.28.48.164
247,Elvera,Maryan,emaryan6u@slashdot.org,Male,225.65.132.217
248,Wallis,Gerring,wgerring6v@ft.com,Male,59.224.139.77
249,Barnie,Pifford,bpifford6w@google.es,Male,235.1.68.72
250,Phaedra,O'Giany,pogiany6x@utexas.edu,Female,49.28.200.154
251,Dewitt,Geratt,dgeratt6y@qq.com,Male,47.182.24.225
252,Daven,Yakubowicz,dyakubowicz6z@typepad.com,Male,192.20.221.112
253,Maggie,Di Nisco,mdinisco70@scribd.com,Female,49.238.120.138
254,Isidore,Riddlesden,iriddlesden71@opensource.org,Male,164.100.122.148
255,Morissa,Ramard,mramard72@tuttocitta.it,Female,157.64.107.159
256,Norene,Danielovitch,ndanielovitch73@unc.edu,Female,83.194.238.134
257,Neile,Huonic,nhuonic74@umn.edu,Male,91.85.120.47
258,Ingar,Ebourne,iebourne75@hugedomains.com,Female,196.164.29.82
259,Ailyn,McCaughen,amccaughen76@kickstarter.com,Female,217.174.111.45
260,Artemus,Galway,agalway77@stumbleupon.com,Male,10.243.84.12
261,Kellby,Dorre,kdorre78@shinystat.com,Female,107.238.115.246
262,Nikoletta,Hubbins,nhubbins79@hugedomains.com,Male,83.162.151.231
263,Javier,Crosscombe,jcrosscombe7a@reference.com,Male,207.120.18.195
264,Wayland,Nevett,wnevett7b@berkeley.edu,Female,46.185.196.136
265,Addie,Manion,amanion7c@vk.com,Male,45.217.189.199
266,Myrilla,Geharke,mgeharke7d@goo.gl,Male,253.170.250.34
267,Roarke,MacCorley,rmaccorley7e@nationalgeographic.com,Female,192.127.33.131
268,Gardiner,Satteford,gsatteford7f@yandex.ru,Bigender,107.111.147.6
269,Pet,Nend,pnend7g@mac.com,Female,53.53.54.227
270,Odilia,Helmke,ohelmke7h@hugedomains.com,Female,21.211.88.234
271,Sandie,Aisthorpe,saisthorpe7i@diigo.com,Non-binary,32.206.51.211
272,Sarita,Arnall,sarnall7j@acquirethisname.com,Male,244.38.102.171
273,Dieter,Olivera,dolivera7k@a8.net,Male,69.111.177.119
274,Josey,Stayte,jstayte7l@yahoo.co.jp,Female,86.192.180.217
275,Phil,Kener,pkener7m@mysql.com,Female,179.35.7.168
276,Emmott,Taggerty,etaggerty7n@kickstarter.com,Female,24.161.140.126
277,Jeramey,Taggert,jtaggert7o@sfgate.com,Female,43.13.209.186
278,Engracia,Enders,eenders7p@e-recht24.de,Non-binary,202.49.0.94
279,Briney,Wheelhouse,bwheelhouse7q@wufoo.com,Male,91.24.97.152
280,Catina,Woodley,cwoodley7r@microsoft.com,Male,155.241.39.192
281,Pepito,Meake,pmeake7s@ovh.net,Male,91.112.9.195
282,Amalle,Rodell,arodell7t@opera.com,Non-binary,130.65.29.194
283,Rahal,Flanagan,rflanagan7u@qq.com,Female,210.181.144.47
284,Bond,Ponter,bponter7v@amazon.co.uk,Female,162.136.183.61
285,Teresita,Light,tlight7w@mapquest.com,Male,79.99.65.209
286,Miltie,Bernadon,mbernadon7x@51.la,Male,178.154.103.60
287,Ania,Boyet,aboyet7y@lycos.com,Male,252.204.11.201
288,Marty,McGebenay,mmcgebenay7z@nps.gov,Male,212.122.131.23
289,Aigneis,Chippindall,achippindall80@lulu.com,Female,168.47.44.169
290,Rahal,Jozsef,rjozsef81@yandex.ru,Female,136.231.78.225
291,Filmore,Issard,fissard82@purevolume.com,Female,10.17.164.214
292,Salomon,Cass,scass83@salon.com,Female,69.181.135.76
293,Emery,Hulson,ehulson84@pcworld.com,Male,53.217.79.66
294,Justinian,Laetham,jlaetham85@lycos.com,Female,47.121.252.190
295,Koo,Mooring,kmooring86@topsy.com,Female,141.3.216.228
296,Kelli,Medland,kmedland87@bloglovin.com,Female,92.43.2.24
297,Alissa,Harriman,aharriman88@altervista.org,Female,22.24.137.66
298,Micheline,Lynett,mlynett89@slashdot.org,Male,161.209.31.156
299,Johannah,Mather,jmather8a@independent.co.uk,Non-binary,86.195.216.252
300,Reggis,Clues,rclues8b@bravesites.com,Female,93.218.59.175
301,Janean,Sloss,jsloss8c@booking.com,Female,131.133.225.22
302,Robbi,Dodman,rdodman8d@fc2.com,Female,211.55.168.135
303,Meara,Currm,mcurrm8e@sun.com,Non-binary,128.94.147.161
304,Stephani,Plummer,splummer8f@shareasale.com,Female,239.121.107.34
305,Brander,Gates,bgates8g@gravatar.com,Male,58.95.146.153
306,Kissie,Sowden,ksowden8h@uol.com.br,Male,108.100.232.60
307,Mellisent,De Moreno,mdemoreno8i@discuz.net,Female,22.230.250.155
308,Mignonne,Witcomb,mwitcomb8j@ed.gov,Male,210.252.4.83
309,Griselda,Rumming,grumming8k@weibo.com,Female,106.255.236.140
310,Joscelin,Petrushkevich,jpetrushkevich8l@gizmodo.com,Female,84.72.0.30
311,Priscella,Tidy,ptidy8m@narod.ru,Male,110.145.148.71
312,Dian,Chastan,dchastan8n@wikimedia.org,Male,197.127.113.55
313,Cheslie,Beel,cbeel8o@berkeley.edu,Non-binary,130.198.185.182
314,Bar,Dilliway,bdilliway8p@imageshack.us,Male,49.27.223.92
315,Bennie,Sawfoot,bsawfoot8q@smh.com.au,Male,170.38.41.255
316,Minny,Brisco,mbrisco8r@freewebs.com,Male,213.234.206.125
317,Celestyn,Beazleigh,cbeazleigh8s@topsy.com,Female,3.177.134.63
318,Tobi,Baynes,tbaynes8t@bigcartel.com,Female,50.23.220.231
319,Kirby,Coysh,kcoysh8u@ihg.com,Female,75.81.114.236
320,Richmound,Castillou,rcastillou8v@spiegel.de,Male,252.59.110.238
321,Clayborn,Baddiley,cbaddiley8w@redcross.org,Male,180.106.83.14
322,Florinda,Dederick,fdederick8x@cnbc.com,Male,151.73.181.39
323,Lexie,Drivers,ldrivers8y@nifty.com,Male,138.227.54.40
324,Calla,Longstaff,clongstaff8z@devhub.com,Male,32.72.68.251
325,Edwina,Mewha,emewha90@soup.io,Male,54.236.104.117
326,Diannne,Vasishchev,dvasishchev91@xinhuanet.com,Female,203.228.122.70
327,Libbi,Jessopp,ljessopp92@ycombinator.com,Agender,100.244.80.57
328,Arron,Hise,ahise93@google.de,Female,20.47.93.85
329,Alameda,Murrthum,amurrthum94@meetup.com,Female,102.148.224.37
330,Opal,Bernardin,obernardin95@sitemeter.com,Male,108.197.99.203
331,Michel,Cromblehome,mcromblehome96@eepurl.com,Male,229.234.215.118
332,Matt,Hoxey,mhoxey97@dropbox.com,Genderfluid,180.159.97.216
333,De,Betancourt,dbetancourt98@g.co,Male,129.239.192.207
334,Esther,Hillhouse,ehillhouse99@ted.com,Female,127.160.207.148
335,Annabelle,Argontt,aargontt9a@ovh.net,Polygender,167.189.6.183
336,Val,Nafzger,vnafzger9b@auda.org.au,Female,156.74.71.116
337,Rachael,Teape,rteape9c@umn.edu,Female,82.200.84.140
338,Anne-marie,Hundal,ahundal9d@ucsd.edu,Non-binary,40.12.53.78
339,See,Gierardi,sgierardi9e@unblog.fr,Male,205.190.228.79
340,Sandy,Defau,sdefau9f@cbsnews.com,Female,148.205.69.201
341,Dewey,Grafton-Herbert,dgraftonherbert9g@yahoo.co.jp,Male,86.221.41.76
342,Codi,Kettlestringes,ckettlestringes9h@rambler.ru,Female,191.104.116.219
343,Ludovika,Jemmett,ljemmett9i@cnn.com,Female,85.245.211.73
344,Sandy,Parratt,sparratt9j@1688.com,Male,252.176.190.141
345,Cairistiona,Alelsandrovich,calelsandrovich9k@imgur.com,Female,227.179.53.248
346,Ches,Nanuccioi,cnanuccioi9l@tiny.cc,Female,248.62.22.178
347,Janel,Bleddon,jbleddon9m@blogs.com,Male,72.12.196.198
348,Peirce,Gowdy,pgowdy9n@webs.com,Male,69.94.250.44
349,Donnie,Kryszka,dkryszka9o@a8.net,Male,24.191.54.14
350,Ade,Goggins,agoggins9p@woothemes.com,Male,32.8.139.181
351,Ynes,Partkya,ypartkya9q@meetup.com,Female,241.116.105.129
352,Quint,Hexum,qhexum9r@yahoo.com,Female,76.219.61.131
353,Pierre,Egle of Germany,pegleofgermany9s@angelfire.com,Male,175.135.148.95
354,Calley,Caldecutt,ccaldecutt9t@marketwatch.com,Female,207.164.105.203
355,Austine,Cicci,acicci9u@surveymonkey.com,Female,101.54.164.230
356,Terry,Theyer,ttheyer9v@noaa.gov,Genderqueer,240.241.88.204
357,Patrizio,Pietranek,ppietranek9w@usa.gov,Male,201.247.111.241
358,Hilario,Ricker,hricker9x@mlb.com,Male,107.249.53.104
359,Clive,Jendrys,cjendrys9y@about.com,Male,208.237.44.233
360,Meggy,Chettle,mchettle9z@hubpages.com,Female,112.188.218.4
361,Elonore,Jonson,ejonsona0@abc.net.au,Polygender,234.105.59.227
362,Ryley,Flecknoe,rflecknoea1@google.com.au,Male,115.3.38.33
363,Lissy,Issitt,lissitta2@digg.com,Male,216.175.215.217
364,Kettie,Celli,kcellia3@engadget.com,Male,154.39.97.181
365,Jethro,Gillham,jgillhama4@thetimes.co.uk,Male,119.65.26.33
366,Georgeta,Heinsen,gheinsena5@phoca.cz,Female,112.79.113.136
367,Jimmy,Curmi,jcurmia6@archive.org,Female,110.61.191.13
368,Belia,Broun,bbrouna7@yahoo.com,Male,147.245.189.169
369,Erick,Saintpierre,esaintpierrea8@addthis.com,Female,244.129.219.122
370,Ophelia,Birdwhistle,obirdwhistlea9@last.fm,Female,250.51.146.232
371,Mala,Simenot,msimenotaa@phoca.cz,Female,218.157.236.70
372,Bank,Vanyatin,bvanyatinab@salon.com,Male,133.228.52.126
373,Feliza,Tessyman,ftessymanac@forbes.com,Female,111.173.95.201
374,Irena,Leibold,ileiboldad@mail.ru,Male,89.238.95.226
375,Janifer,Golley,jgolleyae@hao123.com,Female,153.205.36.1
376,Lizbeth,Folini,lfoliniaf@people.com.cn,Male,173.73.107.195
377,Catlin,Benninck,cbenninckag@icq.com,Male,106.1.168.228
378,Valentine,Widger,vwidgerah@mail.ru,Female,238.124.216.44
379,Leigh,Paddison,lpaddisonai@hatena.ne.jp,Male,252.137.247.32
380,Tracey,Tidd,ttiddaj@indiegogo.com,Male,117.25.35.230
381,Fredi,Ibbitt,fibbittak@apple.com,Male,126.113.21.142
382,Leodora,Hanselmann,lhanselmannal@chicagotribune.com,Male,0.46.54.135
383,Frieda,McAllester,fmcallesteram@opera.com,Polygender,171.175.33.231
384,Roderigo,Manuaud,rmanuaudan@scribd.com,Male,249.7.147.160
385,Atalanta,Plampin,aplampinao@prlog.org,Male,17.30.39.114
386,Nicoline,Audrey,naudreyap@ustream.tv,Male,143.221.195.34
387,Broddie,Brockie,bbrockieaq@patch.com,Male,69.158.244.105
388,Theressa,Dumke,tdumkear@cpanel.net,Female,229.190.163.70
389,Burton,Dacre,bdacreas@wisc.edu,Male,54.82.112.2
390,Desiree,Fike,dfikeat@tripadvisor.com,Male,199.199.114.52
391,Shea,Ockwell,sockwellau@alexa.com,Male,234.145.47.159
392,Bond,Fourmy,bfourmyav@tumblr.com,Female,47.5.153.69
393,Sibyl,Gummery,sgummeryaw@joomla.org,Male,226.21.70.67
394,Emmeline,Mochar,emocharax@xing.com,Male,11.119.29.67
395,Orren,Murrigans,omurrigansay@independent.co.uk,Female,43.84.58.236
396,Phillida,Favey,pfaveyaz@google.com.au,Male,242.35.166.140
397,Vanna,Hardesty,vhardestyb0@comcast.net,Female,214.93.71.244
398,Tine,Buzin,tbuzinb1@google.es,Male,46.124.91.193
399,Cordy,Mellonby,cmellonbyb2@fema.gov,Male,195.158.236.195
400,Lolita,Sent,lsentb3@springer.com,Female,106.215.120.148
401,Dulcie,Syncke,dsynckeb4@cbslocal.com,Male,38.26.186.224
402,Emmalee,Carrack,ecarrackb5@booking.com,Female,10.130.181.229
403,Cull,Wrout,cwroutb6@ask.com,Bigender,66.199.248.215
404,Oliviero,Humbee,ohumbeeb7@instagram.com,Female,30.113.75.151
405,Anett,Yurkiewicz,ayurkiewiczb8@vkontakte.ru,Female,148.52.145.219
406,Ricki,Nizet,rnizetb9@ovh.net,Female,253.44.224.155
407,Colan,Gyurkovics,cgyurkovicsba@newsvine.com,Female,35.233.107.162
408,Hugibert,Ransbury,hransburybb@goo.ne.jp,Male,113.183.71.98
409,Nikita,Reedie,nreediebc@webeden.co.uk,Female,190.110.222.159
410,Daune,Palatini,dpalatinibd@howstuffworks.com,Female,122.89.47.54
411,Loise,Godain,lgodainbe@fema.gov,Agender,93.220.128.96
412,Bettye,Everal,beveralbf@state.gov,Bigender,75.166.61.75
413,Kitty,Franzelini,kfranzelinibg@unesco.org,Female,93.115.249.32
414,Darbee,Axelbey,daxelbeybh@biglobe.ne.jp,Male,168.40.145.232
415,Chuck,Weatherdon,cweatherdonbi@fastcompany.com,Female,67.63.164.227
416,Mariellen,Olligan,molliganbj@hc360.com,Female,210.206.66.77
417,Odelinda,Berrick,oberrickbk@businessinsider.com,Male,100.39.15.118
418,Doralynn,Segge,dseggebl@columbia.edu,Female,153.15.114.131
419,Sunny,Vernall,svernallbm@imgur.com,Female,242.127.254.35
420,Hanan,Grenshields,hgrenshieldsbn@tinyurl.com,Male,89.64.156.145
421,Arlina,Halliberton,ahallibertonbo@themeforest.net,Female,183.211.104.107
422,Llywellyn,Watton,lwattonbp@sitemeter.com,Male,144.100.215.248
423,Hastie,Nickless,hnicklessbq@illinois.edu,Female,74.14.87.11
424,Dorey,Scrivner,dscrivnerbr@ox.ac.uk,Female,72.107.169.254
425,Marrilee,Reckhouse,mreckhousebs@theguardian.com,Male,176.5.184.89
426,Quintus,Wevell,qwevellbt@economist.com,Female,208.184.34.167
427,Anderea,Maguire,amaguirebu@jalbum.net,Female,227.198.210.39
428,Rosalinda,Coltart,rcoltartbv@narod.ru,Male,241.100.118.167
429,Sib,Cossins,scossinsbw@freewebs.com,Male,200.246.27.143
430,Ev,Gascoine,egascoinebx@craigslist.org,Male,45.135.130.87
431,Kevin,Aimer,kaimerby@fastcompany.com,Male,251.67.73.47
432,Roana,Bembrigg,rbembriggbz@instagram.com,Male,152.81.173.23
433,Florry,Stuer,fstuerc0@nifty.com,Male,24.137.1.215
434,Gib,Ashwood,gashwoodc1@over-blog.com,Male,56.222.31.202
435,Teador,Loxston,tloxstonc2@cmu.edu,Female,246.1.148.123
436,Tracey,Speers,tspeersc3@liveinternet.ru,Female,78.172.93.201
437,Danny,Shinner,dshinnerc4@usa.gov,Female,243.58.92.56
438,Fran,Dormer,fdormerc5@gmpg.org,Female,39.183.12.1
439,Chariot,Beuscher,cbeuscherc6@altervista.org,Male,178.123.183.140
440,Mason,Duffin,mduffinc7@mit.edu,Male,246.255.62.151
441,Gusty,Nisby,gnisbyc8@networksolutions.com,Female,42.200.150.207
442,Leslie,Rudgard,lrudgardc9@tripadvisor.com,Genderfluid,154.30.207.173
443,Vallie,Sawer,vsawerca@odnoklassniki.ru,Female,65.67.113.196
444,Deb,Drinkall,ddrinkallcb@studiopress.com,Male,162.220.194.221
445,Dyane,Pumphreys,dpumphreyscc@google.com,Female,235.72.162.178
446,Alexi,Magnus,amagnuscd@weather.com,Genderqueer,129.40.157.246
447,Charleen,Millberg,cmillbergce@discovery.com,Male,177.186.253.1
448,Burgess,Georghiou,bgeorghioucf@guardian.co.uk,Female,58.77.213.190
449,Casar,Janos,cjanoscg@seesaa.net,Male,233.138.50.203
450,Nixie,Hoolaghan,nhoolaghanch@artisteer.com,Male,150.101.191.203
451,Jilli,Hache,jhacheci@theguardian.com,Female,82.185.1.198
452,Trixi,Burdell,tburdellcj@wsj.com,Female,67.39.200.62
453,Karlie,Harries,kharriesck@vistaprint.com,Female,235.242.16.161
454,Tades,Nixon,tnixoncl@wordpress.com,Female,53.79.221.96
455,Reinhard,Yallop,ryallopcm@sbwire.com,Male,135.89.146.216
456,Dexter,Dungey,ddungeycn@hugedomains.com,Male,113.118.194.146
457,Caresse,Davidsson,cdavidssonco@taobao.com,Genderfluid,77.246.225.141
458,Costa,Georges,cgeorgescp@woothemes.com,Female,38.231.169.27
459,Burnard,Wicher,bwichercq@csmonitor.com,Male,55.14.140.177
460,Giulia,McNamee,gmcnameecr@microsoft.com,Male,37.184.40.252
461,Stanton,Charker,scharkercs@upenn.edu,Male,193.99.30.145
462,Marylee,Peasegod,mpeasegodct@google.ca,Male,172.88.106.188
463,Moe,Thunder,mthundercu@51.la,Bigender,92.5.52.98
464,Burlie,Lerway,blerwaycv@sphinn.com,Male,128.216.50.238
465,Noach,Bril,nbrilcw@google.cn,Male,234.57.44.178
466,Cesya,Tather,ctathercx@alexa.com,Female,209.47.90.246
467,Brendis,Mowsdill,bmowsdillcy@gravatar.com,Female,64.57.42.80
468,Carol,Ferenc,cferenccz@virginia.edu,Male,22.189.163.146
469,Valerye,Wells,vwellsd0@google.com.br,Bigender,80.105.49.130
470,Lindon,Skerritt,lskerrittd1@fda.gov,Male,113.240.17.235
471,Aristotle,Baniard,abaniardd2@blog.com,Female,176.170.88.75
472,Jessika,Dickon,jdickond3@redcross.org,Male,231.82.133.166
473,Garfield,Lally,glallyd4@uol.com.br,Female,109.154.230.73
474,Hershel,Sabben,hsabbend5@blogs.com,Female,85.86.51.26
475,Ab,Mourton,amourtond6@linkedin.com,Female,192.234.23.10
476,Judie,Albasini,jalbasinid7@netvibes.com,Genderqueer,46.138.242.42
477,Raul,Paike,rpaiked8@clickbank.net,Female,46.41.94.126
478,Abraham,Hymas,ahymasd9@admin.ch,Female,122.27.117.19
479,Mellisent,Benesevich,mbenesevichda@examiner.com,Male,121.6.54.7
480,Port,Mossom,pmossomdb@tripod.com,Male,255.35.230.202
481,Lorelei,Coneley,lconeleydc@scientificamerican.com,Female,131.206.255.148
482,Alie,Tomashov,atomashovdd@amazon.co.uk,Female,189.192.166.108
483,Maxine,Belliss,mbellissde@google.it,Male,170.129.118.52
484,Starr,Oxenham,soxenhamdf@chron.com,Polygender,103.209.195.128
485,Orin,Yarmouth,oyarmouthdg@vimeo.com,Female,86.99.176.97
486,Edgard,McIlhatton,emcilhattondh@epa.gov,Female,35.9.241.248
487,Genovera,Meaking,gmeakingdi@t-online.de,Female,0.236.128.226
488,Trenton,Aitcheson,taitchesondj@netlog.com,Female,106.15.155.128
489,Madelle,Krolle,mkrolledk@acquirethisname.com,Female,247.171.110.139
490,Britta,Marcinkowski,bmarcinkowskidl@google.fr,Polygender,63.234.137.14
491,Audrie,Grim,agrimdm@last.fm,Female,135.163.245.241
492,Kimberlee,Lorenzin,klorenzindn@i2i.jp,Male,155.48.100.5
493,Codie,Amberger,cambergerdo@hexun.com,Female,55.169.165.156
494,Nicol,Lipprose,nlipprosedp@sina.com.cn,Male,157.112.76.82
495,Izaak,Hamelyn,ihamelyndq@ebay.co.uk,Male,210.19.108.167
496,Ximenez,Buttriss,xbuttrissdr@umich.edu,Male,212.188.31.26
497,Jocelin,Dregan,jdregands@qq.com,Male,247.192.56.170
498,Greta,Huffadine,ghuffadinedt@discuz.net,Male,38.82.134.103
499,Cammy,Wollard,cwollarddu@technorati.com,Polygender,80.139.68.154
500,Theodosia,Nemchinov,tnemchinovdv@gnu.org,Female,188.16.237.217
501,Mordecai,Deacon,mdeacondw@ca.gov,Female,185.133.40.94
502,Gert,Madgewick,gmadgewickdx@independent.co.uk,Male,243.30.42.199
503,Noe,Abelwhite,nabelwhitedy@auda.org.au,Female,136.196.142.253
504,Melli,Ortzen,mortzendz@hao123.com,Bigender,155.86.20.35
505,Bella,Denisard,bdenisarde0@digg.com,Male,163.193.150.155
506,Reginald,Kovnot,rkovnote1@amazon.com,Genderqueer,195.200.52.75
507,Adella,Calbert,acalberte2@vkontakte.ru,Male,58.141.18.58
508,Viviene,Doley,vdoleye3@smh.com.au,Female,144.48.136.50
509,Hildagarde,Parades,hparadese4@webeden.co.uk,Male,54.200.56.63
510,Arda,Karlolak,akarlolake5@bloomberg.com,Female,186.168.180.57
511,Kilian,Dominique,kdominiquee6@ning.com,Male,100.255.121.99
512,Olva,Bebis,obebise7@pagesperso-orange.fr,Polygender,70.118.13.18
513,Eba,Fortescue,efortescuee8@paginegialle.it,Female,85.41.186.155
514,Marilyn,Rosbottom,mrosbottome9@eepurl.com,Female,20.17.18.52
515,Melvyn,MacGiolla Pheadair,mmacgiollapheadairea@smugmug.com,Male,180.218.39.114
516,Teodorico,Doog,tdoogeb@slideshare.net,Male,214.118.52.60
517,Urson,Pietzker,upietzkerec@netscape.com,Female,230.156.190.151
518,Arty,Penrose,apenroseed@cbsnews.com,Female,152.106.66.203
519,Nadeen,Cubbit,ncubbitee@hhs.gov,Male,24.199.209.149
520,Mareah,Vowden,mvowdenef@newsvine.com,Male,45.216.96.16
521,Colver,Ericssen,cericsseneg@digg.com,Male,104.92.41.56
522,Toby,Durram,tdurrameh@state.tx.us,Female,155.193.8.3
523,Yulma,Bowes,ybowesei@vk.com,Male,18.140.188.61
524,Fabiano,Garr,fgarrej@vk.com,Female,62.135.253.150
525,Maurise,Clohisey,mclohiseyek@aol.com,Genderfluid,91.154.131.133
526,Wilone,Foan,wfoanel@digg.com,Male,29.224.46.119
527,Viki,Battams,vbattamsem@java.com,Male,41.140.64.107
528,Carlen,Gerardeaux,cgerardeauxen@godaddy.com,Male,6.0.3.108
529,Winni,Zealey,wzealeyeo@soundcloud.com,Male,153.230.160.125
530,Nathanael,Smeaton,nsmeatonep@globo.com,Male,145.199.160.45
531,Free,Bruckstein,fbrucksteineq@nhs.uk,Female,83.196.131.177
532,Reinaldo,Shinn,rshinner@godaddy.com,Female,48.104.76.255
533,Vere,Garwill,vgarwilles@ed.gov,Male,241.166.208.111
534,Jaclin,Canero,jcaneroet@histats.com,Female,71.243.30.189
535,Arlina,Parkes,aparkeseu@senate.gov,Female,11.238.27.3
536,Dodi,Gocher,dgocherev@microsoft.com,Female,8.75.155.180
537,Jany,Lauridsen,jlauridsenew@cnet.com,Male,205.109.4.120
538,Devi,Clyma,dclymaex@yale.edu,Female,141.94.186.40
539,Brody,Jouanot,bjouanotey@freewebs.com,Female,31.240.219.124
540,Ringo,Robeiro,rrobeiroez@cafepress.com,Male,51.23.140.141
541,Trish,Billingsley,tbillingsleyf0@nydailynews.com,Female,45.253.4.198
542,Minerva,Mityakov,mmityakovf1@ucoz.ru,Female,225.144.4.89
543,Annamarie,Dechelette,adechelettef2@cam.ac.uk,Male,172.30.247.55
544,Perry,Maestrini,pmaestrinif3@epa.gov,Female,122.11.60.33
545,Prue,Ucchino,pucchinof4@tinypic.com,Female,240.160.188.45
546,Jean,Treleven,jtrelevenf5@bloglines.com,Female,218.229.80.170
547,Alfonso,Bursnoll,abursnollf6@angelfire.com,Male,186.53.58.208
548,Ashien,Goodlet,agoodletf7@timesonline.co.uk,Female,214.163.112.208
549,Freddy,Kaas,fkaasf8@state.tx.us,Male,206.113.200.72
550,Tomkin,Forcer,tforcerf9@1688.com,Male,189.223.65.158
551,Wileen,Leithgoe,wleithgoefa@ibm.com,Female,168.254.16.79
552,Alvin,Rutt,aruttfb@rediff.com,Female,172.151.19.187
553,Patton,Czadla,pczadlafc@bing.com,Male,66.233.12.79
554,Vivyan,Niland,vnilandfd@businesswire.com,Male,255.218.228.201
555,Kate,Earney,kearneyfe@skype.com,Female,126.226.52.200
556,Timothy,Trowle,ttrowleff@last.fm,Male,24.125.110.79
557,Lisha,Doerren,ldoerrenfg@constantcontact.com,Female,138.22.52.51
558,Edithe,Pales,epalesfh@phoca.cz,Female,66.182.204.163
559,Hanan,Senescall,hsenescallfi@nba.com,Male,132.41.106.186
560,Sada,Long,slongfj@foxnews.com,Agender,255.213.98.32
561,Aurel,Toppas,atoppasfk@google.co.uk,Female,231.137.251.125
562,Clair,Ismirnioglou,cismirniogloufl@vkontakte.ru,Agender,175.19.202.129
563,Paul,Pinke,ppinkefm@reverbnation.com,Non-binary,213.59.56.67
564,Jaymie,Ivetts,jivettsfn@cyberchimps.com,Female,135.57.236.183
565,Bertrand,Moye,bmoyefo@4shared.com,Male,132.44.254.196
566,Griffin,Bechley,gbechleyfp@blogs.com,Male,55.106.71.209
567,Augie,Blackbourn,ablackbournfq@miibeian.gov.cn,Female,126.232.42.23
568,Carrie,Stainton,cstaintonfr@newsvine.com,Male,215.183.193.185
569,Emlyn,Bente,ebentefs@bizjournals.com,Female,148.187.115.77
570,Francoise,Northley,fnorthleyft@wired.com,Female,81.108.178.48
571,Amalee,Aggis,aaggisfu@naver.com,Male,215.3.165.244
572,Eartha,Forsdike,eforsdikefv@rediff.com,Male,149.180.87.163
573,Sarah,Pedler,spedlerfw@slideshare.net,Male,43.217.39.186
574,Willy,Corkan,wcorkanfx@phoca.cz,Male,14.250.35.123
575,Gus,Oven,govenfy@census.gov,Male,11.98.248.104
576,Roscoe,Lumox,rlumoxfz@google.com.au,Male,166.182.113.85
577,Reider,Lochran,rlochrang0@pbs.org,Female,145.56.108.130
578,Dorthea,Davidowich,ddavidowichg1@thetimes.co.uk,Female,206.238.143.60
579,Tabbi,Greggor,tgreggorg2@list-manage.com,Male,183.34.96.176
580,Beaufort,Dyshart,bdyshartg3@ehow.com,Female,37.53.70.174
581,Veriee,Molyneux,vmolyneuxg4@1688.com,Female,39.136.149.158
582,Carita,Gillian,cgilliang5@ovh.net,Genderfluid,83.160.49.81
583,Kimmi,Clymer,kclymerg6@berkeley.edu,Male,223.97.208.200
584,Darius,Hentzer,dhentzerg7@smh.com.au,Male,39.134.73.16
585,Alwin,Tuxill,atuxillg8@hibu.com,Genderfluid,214.22.93.215
586,Abagail,Isham,aishamg9@bloglines.com,Female,110.90.237.186
587,Amii,Paradise,aparadisega@foxnews.com,Female,49.60.216.124
588,Corny,Drabble,cdrabblegb@vistaprint.com,Female,18.238.59.211
589,Christen,Agerskow,cagerskowgc@arstechnica.com,Male,213.37.71.12
590,Claudetta,Fisbburne,cfisbburnegd@mail.ru,Female,242.73.64.196
591,Garvey,Boyles,gboylesge@washington.edu,Female,197.197.26.6
592,Saloma,Troughton,stroughtongf@google.ru,Female,176.238.87.37
593,Casey,MacAlees,cmacaleesgg@ted.com,Female,76.21.44.191
594,Putnam,McMurray,pmcmurraygh@earthlink.net,Female,139.40.149.192
595,Charline,Tidbold,ctidboldgi@list-manage.com,Male,80.35.49.207
596,Heidi,Collough,hcolloughgj@dell.com,Male,140.172.33.191
597,Hermina,Bruniges,hbrunigesgk@trellian.com,Female,64.86.145.202
598,Cord,Zini,czinigl@domainmarket.com,Male,136.2.68.173
599,Eldin,Bratten,ebrattengm@howstuffworks.com,Male,95.99.26.209
600,Matilda,O' Markey,momarkeygn@paginegialle.it,Female,119.79.142.79
601,Karyl,Dashkov,kdashkovgo@dagondesign.com,Bigender,57.73.99.182
602,Royce,Brookes,rbrookesgp@mapquest.com,Male,250.153.0.201
603,Bengt,Bruyett,bbruyettgq@washingtonpost.com,Male,104.181.157.249
604,Nevsa,Veness,nvenessgr@bluehost.com,Female,133.162.234.77
605,Salem,Khomishin,skhomishings@delicious.com,Female,140.109.27.180
606,Sargent,Este,sestegt@reuters.com,Male,172.93.221.186
607,Kakalina,Alphonso,kalphonsogu@oracle.com,Male,196.156.193.38
608,Conway,Philipp,cphilippgv@hatena.ne.jp,Female,104.100.141.253
609,Wyndham,Lavery,wlaverygw@state.tx.us,Male,241.205.34.166
610,Granny,Oakman,goakmangx@simplemachines.org,Female,113.150.169.90
611,Breanne,I'anson,biansongy@trellian.com,Genderfluid,113.246.149.7
612,Theodora,Gilderoy,tgilderoygz@reuters.com,Male,115.102.10.206
613,Barthel,Curthoys,bcurthoysh0@discovery.com,Male,174.238.110.209
614,Arturo,Wallwood,awallwoodh1@utexas.edu,Female,231.151.230.23
615,Eve,Jaouen,ejaouenh2@yolasite.com,Male,144.172.7.165
616,Callida,Marquiss,cmarquissh3@ow.ly,Female,97.14.16.240
617,Carr,Olive,coliveh4@google.it,Male,205.184.217.43
618,Emily,Druett,edruetth5@wordpress.org,Female,201.34.101.160
619,Mischa,Varran,mvarranh6@people.com.cn,Female,41.175.204.142
620,Odelle,Haswell,ohaswellh7@tinyurl.com,Male,187.20.26.120
621,Buckie,Defraine,bdefraineh8@pbs.org,Female,209.14.33.245
622,Marve,Amiable,mamiableh9@sakura.ne.jp,Genderfluid,86.134.181.96
623,Ely,Janiak,ejaniakha@toplist.cz,Female,72.57.71.204
624,Brena,Kenaway,bkenawayhb@miibeian.gov.cn,Female,104.153.180.60
625,Cheston,McQuaker,cmcquakerhc@devhub.com,Male,182.195.24.119
626,Dora,Kirwin,dkirwinhd@plala.or.jp,Female,181.113.12.163
627,Aloise,Toderi,atoderihe@ox.ac.uk,Male,164.70.104.39
628,Wendel,Abelson,wabelsonhf@utexas.edu,Male,79.240.36.69
629,Merna,Flack,mflackhg@berkeley.edu,Male,43.39.156.246
630,Luisa,McKelvie,lmckelviehh@state.gov,Female,0.57.190.76
631,Egan,Cahalan,ecahalanhi@infoseek.co.jp,Polygender,226.253.77.242
632,Antonia,Bassano,abassanohj@fotki.com,Male,161.218.178.166
633,Cathie,Ferrar,cferrarhk@kickstarter.com,Genderfluid,239.25.81.136
634,Gillan,Garvey,ggarveyhl@prnewswire.com,Male,192.238.104.46
635,Nichole,Connachan,nconnachanhm@craigslist.org,Female,228.128.147.27
636,Howey,Marcombe,hmarcombehn@mit.edu,Female,36.106.69.121
637,Tristam,Robberts,trobbertsho@bbc.co.uk,Male,185.39.45.189
638,Reinhold,Ludlow,rludlowhp@vk.com,Male,33.131.210.188
639,Josefina,Bradman,jbradmanhq@princeton.edu,Non-binary,186.37.19.11
640,Grace,Heathcott,gheathcotthr@cbc.ca,Female,247.141.233.162
641,Ingamar,Dudeney,idudeneyhs@msn.com,Female,5.187.26.233
642,Dalt,Klawi,dklawiht@xing.com,Male,137.168.39.45
643,Ive,Tallant,itallanthu@istockphoto.com,Female,233.103.17.147
644,Mab,Gillbey,mgillbeyhv@mtv.com,Female,219.103.67.9
645,Niccolo,Brash,nbrashhw@sphinn.com,Male,68.93.200.157
646,Nevil,MacCafferty,nmaccaffertyhx@yahoo.co.jp,Female,154.145.138.239
647,Deb,Polglase,dpolglasehy@purevolume.com,Female,255.115.103.78
648,Georgeta,Andras,gandrashz@uol.com.br,Male,123.160.120.30
649,Maurice,Juan,mjuani0@psu.edu,Bigender,195.43.44.208
650,Catlin,Cossem,ccossemi1@newyorker.com,Female,99.94.180.239
651,Halette,Bolletti,hbollettii2@redcross.org,Male,129.74.20.104
652,Phil,Bleddon,pbleddoni3@microsoft.com,Male,6.182.242.188
653,Ania,Zavattieri,azavattierii4@newyorker.com,Male,44.91.174.139
654,Fiann,Darrow,fdarrowi5@delicious.com,Female,98.175.122.47
655,Emery,Lowles,elowlesi6@soundcloud.com,Male,52.192.196.86
656,Petra,Whiten,pwhiteni7@opera.com,Female,195.0.76.178
657,Joanie,Welbrock,jwelbrocki8@exblog.jp,Male,140.208.8.50
658,Vere,Jonas,vjonasi9@w3.org,Male,173.250.242.225
659,Christian,Lemmon,clemmonia@yellowpages.com,Female,10.213.219.172
660,Emmalynn,Dibley,edibleyib@miitbeian.gov.cn,Male,240.81.105.85
661,Ryley,Zamora,rzamoraic@google.pl,Female,127.151.156.93
662,Tamqrah,Geddes,tgeddesid@unblog.fr,Male,205.185.51.250
663,Anissa,Bischoff,abischoffie@prweb.com,Male,255.175.113.251
664,Ailis,Hanselman,ahanselmanif@blog.com,Female,128.15.239.88
665,Bridgette,McCauley,bmccauleyig@stumbleupon.com,Female,26.235.46.248
666,Artair,Kniveton,aknivetonih@japanpost.jp,Female,235.46.46.161
667,Nial,Powelee,npoweleeii@acquirethisname.com,Female,4.84.26.147
668,Sky,Connor,sconnorij@wikispaces.com,Male,5.151.231.145
669,Violetta,Verbruggen,vverbruggenik@sun.com,Male,25.172.58.32
670,Oates,Espinay,oespinayil@nasa.gov,Female,46.178.24.133
671,Ivette,Tomaszczyk,itomaszczykim@miibeian.gov.cn,Female,169.109.108.196
672,Ethelin,Myles,emylesin@state.tx.us,Male,151.234.238.153
673,Cece,Ruckert,cruckertio@theguardian.com,Male,110.115.183.132
674,Beryl,Crowthe,bcrowtheip@blogger.com,Male,125.231.17.211
675,Toinette,Postlewhite,tpostlewhiteiq@webs.com,Female,104.68.161.107
676,Isaac,Bonanno,ibonannoir@blinklist.com,Male,77.79.41.104
677,Roanne,Ching,rchingis@timesonline.co.uk,Male,76.34.163.139
678,Samuel,O'Scandall,soscandallit@salon.com,Female,167.242.83.196
679,Ardisj,Jellman,ajellmaniu@nba.com,Female,28.52.124.112
680,Allis,Matthensen,amatthenseniv@weibo.com,Female,149.235.165.225
681,Erina,Dench,edenchiw@wordpress.org,Male,110.165.254.30
682,Merrielle,Floyd,mfloydix@deviantart.com,Male,131.243.212.168
683,Maribeth,Burchett,mburchettiy@mit.edu,Male,15.194.83.223
684,Jonis,Fishwick,jfishwickiz@fda.gov,Genderfluid,113.124.65.45
685,Leonidas,Reinger,lreingerj0@un.org,Male,65.215.3.197
686,Justina,Genge,jgengej1@is.gd,Male,67.80.39.253
687,Marj,McCome,mmccomej2@forbes.com,Polygender,166.110.200.76
688,Melitta,McKellen,mmckellenj3@friendfeed.com,Female,129.176.116.136
689,Larry,Rudderham,lrudderhamj4@wikispaces.com,Female,125.220.1.91
690,Natty,Barttrum,nbarttrumj5@goo.gl,Male,60.71.58.68
691,Anastassia,Zorzin,azorzinj6@time.com,Female,43.207.245.10
692,Galen,Ubsdall,gubsdallj7@bloglovin.com,Female,157.58.101.166
693,Jarad,Halsall,jhalsallj8@goodreads.com,Female,212.121.32.135
694,Marty,Byforth,mbyforthj9@amazon.de,Male,11.189.87.18
695,Catarina,Spleving,csplevingja@drupal.org,Female,179.244.167.250
696,Erroll,Crimp,ecrimpjb@senate.gov,Male,20.59.121.194
697,Richart,Vedekhin,rvedekhinjc@dmoz.org,Male,171.82.170.235
698,Dee,Ionnidis,dionnidisjd@slate.com,Female,92.138.96.246
699,Betta,Semon,bsemonje@va.gov,Polygender,6.253.169.129
700,Gabriel,Height,gheightjf@sitemeter.com,Male,16.90.214.148
701,Obidiah,Seamans,oseamansjg@gravatar.com,Female,134.177.225.216
702,Jeanne,Cocke,jcockejh@photobucket.com,Female,35.55.81.124
703,Gav,Tratton,gtrattonji@sakura.ne.jp,Female,30.108.120.94
704,Lionello,Exall,lexalljj@un.org,Male,209.225.47.221
705,Abbe,Kingscote,akingscotejk@jugem.jp,Male,27.145.78.140
706,Raf,Pretious,rpretiousjl@scribd.com,Male,124.49.151.192
707,Boone,Body,bbodyjm@hubpages.com,Female,129.190.63.242
708,Josefa,Grassin,jgrassinjn@reference.com,Female,21.70.177.106
709,Bobina,Hargey,bhargeyjo@wikia.com,Female,233.177.52.235
710,Jana,Digginson,jdigginsonjp@symantec.com,Female,217.201.164.67
711,Davida,Pahl,dpahljq@umich.edu,Male,196.154.22.15
712,Easter,Turpey,eturpeyjr@w3.org,Male,46.175.115.71
713,Jennette,Tallis,jtallisjs@umn.edu,Male,173.89.106.20
714,Ruthann,Icke,rickejt@eepurl.com,Male,128.240.79.222
715,Theobald,Yeskin,tyeskinju@imgur.com,Male,130.74.243.188
716,Lara,Melarkey,lmelarkeyjv@seattletimes.com,Female,192.119.238.227
717,Aloin,Trappe,atrappejw@ycombinator.com,Female,64.86.255.189
718,Leila,Antcliffe,lantcliffejx@liveinternet.ru,Male,88.64.3.61
719,Kimberli,Felder,kfelderjy@hhs.gov,Male,65.241.20.15
720,Emory,Fullerton,efullertonjz@google.fr,Female,185.7.85.182
721,Nora,Kalinsky,nkalinskyk0@bandcamp.com,Male,25.149.198.141
722,Antone,Battrum,abattrumk1@live.com,Female,96.90.11.68
723,Marni,Ledbury,mledburyk2@is.gd,Male,109.65.151.161
724,Gerladina,Bengough,gbengoughk3@google.ru,Male,196.202.250.68
725,Madelina,Haskey,mhaskeyk4@boston.com,Male,21.101.10.55
726,Ara,Antonellini,aantonellinik5@latimes.com,Female,212.199.69.110
727,Fredericka,Orfeur,forfeurk6@mapquest.com,Female,145.202.97.174
728,Mill,Busher,mbusherk7@ocn.ne.jp,Female,120.155.59.143
729,Jolynn,Medcalf,jmedcalfk8@homestead.com,Female,119.133.60.1
730,Liana,Vallender,lvallenderk9@friendfeed.com,Female,102.204.143.246
731,Felice,Emby,fembyka@acquirethisname.com,Genderfluid,147.129.236.142
732,Elvyn,Dunford,edunfordkb@de.vu,Male,195.173.138.79
733,Dewey,Stigell,dstigellkc@latimes.com,Female,10.155.204.59
734,Desi,Rummery,drummerykd@google.ca,Bigender,240.236.85.203
735,Darryl,Povele,dpoveleke@issuu.com,Male,253.97.237.38
736,Cam,Blanche,cblanchekf@who.int,Polygender,35.29.74.78
737,Odette,Ghiriardelli,oghiriardellikg@skype.com,Male,186.240.140.58
738,Zia,Leate,zleatekh@bluehost.com,Male,85.221.194.199
739,Demetri,Bigglestone,dbigglestoneki@unicef.org,Male,196.219.91.174
740,Dirk,Norres,dnorreskj@smugmug.com,Polygender,67.179.107.230
741,Gannon,Kittles,gkittleskk@etsy.com,Male,172.238.58.14
742,Haskel,Heinert,hheinertkl@ifeng.com,Female,241.97.225.112
743,Pip,Iorio,pioriokm@hubpages.com,Female,122.248.182.193
744,Valene,Pizzey,vpizzeykn@tamu.edu,Female,132.5.208.216
745,Sidney,Gheeraert,sgheeraertko@histats.com,Male,179.49.54.2
746,Raymund,Procter,rprocterkp@digg.com,Female,2.115.44.23
747,Vito,Civitillo,vcivitillokq@vistaprint.com,Female,73.234.201.248
748,Dorene,Ternent,dternentkr@unesco.org,Male,240.182.79.224
749,Kari,Duchateau,kduchateauks@merriam-webster.com,Male,90.115.0.163
750,Wakefield,Kobes,wkobeskt@yolasite.com,Female,154.229.95.144
751,Fania,Fishenden,ffishendenku@chron.com,Male,186.106.220.105
752,Fiann,Garretson,fgarretsonkv@oracle.com,Female,55.56.28.209
753,Jeralee,Schlagman,jschlagmankw@dmoz.org,Male,53.150.36.168
754,Anthia,Bignal,abignalkx@flavors.me,Male,234.139.144.72
755,Jase,Batha,jbathaky@livejournal.com,Female,118.79.122.180
756,Drake,Dhenin,ddheninkz@feedburner.com,Female,133.146.86.194
757,Elvira,Sterricker,esterrickerl0@mtv.com,Female,20.71.131.87
758,Shanan,Tweddell,stweddelll1@ezinearticles.com,Male,110.122.7.140
759,Georgiana,Pococke,gpocockel2@ftc.gov,Female,66.29.210.171
760,Sisile,Mendus,smendusl3@tumblr.com,Male,84.253.249.243
761,Cleopatra,Eliassen,celiassenl4@cnet.com,Female,137.5.105.41
762,Correy,Eastbury,ceastburyl5@amazon.com,Male,119.52.20.134
763,Harriette,Fentem,hfenteml6@youtube.com,Female,163.223.255.15
764,Rick,Sargant,rsargantl7@blogs.com,Female,44.234.189.88
765,Essie,Godlee,egodleel8@blogs.com,Male,145.117.219.141
766,Hastie,Fidgett,hfidgettl9@hugedomains.com,Female,14.102.127.142
767,Norah,Rennox,nrennoxla@latimes.com,Female,94.86.159.30
768,Wadsworth,Braine,wbrainelb@posterous.com,Female,202.201.74.0
769,Aleda,Iveagh,aiveaghlc@ning.com,Female,168.150.18.80
770,Angy,Sutehall,asutehallld@ycombinator.com,Male,172.231.167.140
771,Palm,Deelay,pdeelayle@bing.com,Female,172.241.241.70
772,Pooh,Merit,pmeritlf@acquirethisname.com,Male,230.97.93.21
773,Delmar,Skitterel,dskitterellg@feedburner.com,Female,191.60.133.93
774,Leupold,Forsyde,lforsydelh@sogou.com,Male,76.175.74.82
775,Amitie,Durant,adurantli@buzzfeed.com,Male,121.36.44.41
776,Teodoor,Roddick,troddicklj@apache.org,Female,238.106.163.36
777,Casandra,O'Bradane,cobradanelk@weebly.com,Male,54.125.155.203
778,Dedie,Sedgeman,dsedgemanll@telegraph.co.uk,Female,52.124.50.226
779,Ashlan,Gather,agatherlm@ameblo.jp,Female,85.77.5.32
780,Cosetta,Avramovich,cavramovichln@dmoz.org,Polygender,104.240.16.79
781,Vaughn,Elliott,velliottlo@microsoft.com,Female,181.128.69.189
782,Em,Preator,epreatorlp@dmoz.org,Polygender,10.81.176.195
783,Hendrik,Gouly,hgoulylq@chronoengine.com,Male,74.185.246.69
784,Sammy,Claiden,sclaidenlr@noaa.gov,Female,54.224.215.249
785,Myrilla,Kilshall,mkilshallls@aol.com,Male,241.30.122.224
786,Woodman,Bester,wbesterlt@apache.org,Male,246.108.148.157
787,Hoebart,Island,hislandlu@free.fr,Female,111.206.0.34
788,Gabriel,Acomb,gacomblv@parallels.com,Male,225.20.160.33
789,Damien,Leguay,dleguaylw@cam.ac.uk,Male,41.43.69.131
790,Randie,Lipscombe,rlipscombelx@slideshare.net,Female,88.47.240.161
791,Benoite,Rubica,brubicaly@nationalgeographic.com,Male,223.152.57.227
792,Luz,Albasiny,lalbasinylz@ihg.com,Female,21.204.35.98
793,Jock,Matuszynski,jmatuszynskim0@sourceforge.net,Male,91.224.100.53
794,Darryl,Hancke,dhanckem1@unc.edu,Female,207.252.232.212
795,Cynthy,Bisson,cbissonm2@canalblog.com,Female,21.206.42.81
796,Ado,Purdey,apurdeym3@irs.gov,Male,4.113.165.235
797,Wallie,Bedbury,wbedburym4@sciencedaily.com,Female,115.7.249.109
798,Jessamine,Gowans,jgowansm5@census.gov,Male,164.68.37.180
799,Dionysus,Elstob,delstobm6@shinystat.com,Female,131.222.177.26
800,Annette,Buckler,abucklerm7@webeden.co.uk,Male,130.210.65.83
801,Carmine,Gaspar,cgasparm8@goo.gl,Genderqueer,209.164.34.143
802,Robbie,Samuel,rsamuelm9@blogtalkradio.com,Female,134.213.234.41
803,David,Yourell,dyourellma@bravesites.com,Female,197.102.23.85
804,Dode,Sam,dsammb@independent.co.uk,Female,178.27.167.192
805,Mikaela,Errowe,merrowemc@yellowbook.com,Male,144.207.74.136
806,Deni,Brome,dbromemd@state.tx.us,Female,199.211.63.221
807,Coreen,Tuckerman,ctuckermanme@qq.com,Male,53.132.29.173
808,Brynne,Staynes,bstaynesmf@tinyurl.com,Female,161.170.248.210
809,Vanny,Kerby,vkerbymg@bravesites.com,Male,249.56.220.238
810,Levi,Aulds,lauldsmh@hhs.gov,Male,56.84.145.237
811,Mariska,Oliveras,moliverasmi@prweb.com,Male,5.16.199.39
812,Brunhilda,Birkmyr,bbirkmyrmj@flavors.me,Male,245.27.23.16
813,Ransell,Barbe,rbarbemk@icq.com,Male,13.190.106.4
814,Had,Ellcome,hellcomeml@zdnet.com,Female,97.97.27.127
815,Goldy,Flaonier,gflaoniermm@yahoo.co.jp,Male,191.128.75.38
816,Dorie,Harwell,dharwellmn@answers.com,Male,12.197.236.40
817,Ronnie,Segeswoeth,rsegeswoethmo@topsy.com,Female,19.47.134.57
818,Waiter,Da Costa,wdacostamp@hp.com,Female,174.70.146.3
819,Zorina,Tapsell,ztapsellmq@sohu.com,Female,114.147.202.51
820,Quentin,Catcherside,qcatchersidemr@e-recht24.de,Female,163.206.184.199
821,Claiborne,Castles,ccastlesms@comsenz.com,Male,96.47.40.203
822,Thorn,Witherington,twitheringtonmt@archive.org,Male,198.205.182.219
823,Jerrome,Gonzalo,jgonzalomu@sun.com,Genderqueer,1.237.140.142
824,Noelani,Scotchmer,nscotchmermv@usda.gov,Female,119.15.4.200
825,Faye,Bazell,fbazellmw@mtv.com,Female,135.141.221.219
826,Elisa,Bemwell,ebemwellmx@dedecms.com,Female,1.9.119.53
827,Loise,Casburn,lcasburnmy@people.com.cn,Male,138.218.42.66
828,Loydie,Dragge,ldraggemz@oakley.com,Female,163.124.129.204
829,Fergus,Gutsell,fgutselln0@fotki.com,Female,80.68.4.76
830,Lora,Hymers,lhymersn1@hc360.com,Male,228.221.80.191
831,Ingamar,Dutteridge,idutteridgen2@artisteer.com,Female,229.202.48.120
832,Madelin,Poon,mpoonn3@google.co.uk,Female,111.80.143.14
833,Aidan,McGurgan,amcgurgann4@paginegialle.it,Female,231.125.229.176
834,Rochell,Mollon,rmollonn5@chicagotribune.com,Polygender,77.227.78.83
835,Clemmie,Lewknor,clewknorn6@mtv.com,Female,177.86.183.155
836,Ingamar,Grimston,igrimstonn7@furl.net,Female,176.88.233.90
837,Aland,Grinstead,agrinsteadn8@cornell.edu,Male,127.206.181.153
838,Tobe,Lucus,tlucusn9@tuttocitta.it,Male,208.166.5.243
839,Clair,Sandey,csandeyna@biblegateway.com,Female,175.160.143.32
840,Kissie,Blindermann,kblindermannnb@amazon.co.jp,Male,101.187.196.47
841,Aidan,Tigwell,atigwellnc@nydailynews.com,Female,1.14.13.237
842,Delmer,Blais,dblaisnd@unesco.org,Male,174.147.117.141
843,Cherida,Shemwell,cshemwellne@cdbaby.com,Male,248.121.213.29
844,Elston,Ducarne,educarnenf@dot.gov,Male,13.166.112.156
845,Scotty,Bellis,sbellisng@skype.com,Female,173.96.9.151
846,Hillel,Zumbusch,hzumbuschnh@slate.com,Male,23.135.73.57
847,Ulrike,Lutton,uluttonni@posterous.com,Female,47.51.217.5
848,Maribel,Simons,msimonsnj@imdb.com,Male,199.240.41.233
849,Hinda,March,hmarchnk@infoseek.co.jp,Female,231.54.61.108
850,Lu,Copins,lcopinsnl@github.com,Male,157.162.211.0
851,Mathe,Wareing,mwareingnm@163.com,Male,55.1.100.215
852,Adrea,Dooman,adoomannn@facebook.com,Female,233.245.71.197
853,Allx,Raffles,arafflesno@blogger.com,Male,123.236.64.186
854,Ashlee,Liff,aliffnp@bluehost.com,Male,90.15.182.144
855,Maren,Bahls,mbahlsnq@indiatimes.com,Male,120.82.61.34
856,Noemi,Astlett,nastlettnr@walmart.com,Female,205.246.187.183
857,Elna,Furnell,efurnellns@redcross.org,Male,109.60.237.162
858,Mellisent,Lambard,mlambardnt@mozilla.org,Male,60.240.99.24
859,Weidar,Butner,wbutnernu@oracle.com,Bigender,48.41.40.142
860,Grover,Blankau,gblankaunv@wunderground.com,Female,14.42.106.173
861,Bruno,Pluthero,bplutheronw@elegantthemes.com,Female,133.244.145.79
862,Merrili,Shackel,mshackelnx@stanford.edu,Female,101.178.71.79
863,Dorie,Lightollers,dlightollersny@is.gd,Female,145.91.97.205
864,Natale,Charrette,ncharrettenz@msn.com,Female,13.191.159.66
865,Leanna,Purveys,lpurveyso0@cnn.com,Male,203.61.169.182
866,Jim,Wolfarth,jwolfartho1@narod.ru,Male,160.162.182.75
867,Kleon,Juszczak,kjuszczako2@liveinternet.ru,Male,127.39.78.214
868,Othella,Semonin,osemonino3@jiathis.com,Female,36.211.67.99
869,Diarmid,Shone,dshoneo4@jigsy.com,Female,231.246.136.250
870,Letta,Fricker,lfrickero5@google.nl,Female,194.194.191.48
871,Tally,O'Cullen,toculleno6@sciencedaily.com,Female,36.175.16.2
872,Evvy,Brace,ebraceo7@goo.ne.jp,Male,198.163.67.197
873,Valentino,Torricina,vtorricinao8@webs.com,Female,147.75.117.251
874,Langston,Benneyworth,lbenneywortho9@army.mil,Male,154.71.195.147
875,Katharina,Gurner,kgurneroa@wiley.com,Male,97.170.11.163
876,Wakefield,Deathridge,wdeathridgeob@china.com.cn,Female,102.246.133.229
877,Eddie,Thistleton,ethistletonoc@cdbaby.com,Female,140.156.136.5
878,Sonja,Colliber,scolliberod@cpanel.net,Female,101.17.148.234
879,Coop,Bridgwood,cbridgwoodoe@360.cn,Male,195.137.57.255
880,Adorne,Ruggles,arugglesof@archive.org,Male,85.163.51.23
881,Levin,Massei,lmasseiog@jalbum.net,Female,194.182.105.120
882,Merl,Yurkevich,myurkevichoh@google.pl,Female,124.250.60.223
883,Andrea,Abrahamian,aabrahamianoi@slate.com,Male,24.106.194.227
884,Abramo,Selwyne,aselwyneoj@domainmarket.com,Female,10.38.68.4
885,Cleo,Huey,chueyok@alibaba.com,Genderqueer,58.165.67.217
886,Gui,Veldens,gveldensol@google.ru,Female,18.94.31.237
887,Colman,Pyke,cpykeom@trellian.com,Female,80.172.227.58
888,Flossy,Juarez,fjuarezon@who.int,Female,208.127.235.147
889,Daron,Fillery,dfilleryoo@cam.ac.uk,Male,170.190.227.52
890,Rodger,Ferney,rferneyop@senate.gov,Male,181.60.40.150
891,Lorenza,Daintith,ldaintithoq@bbc.co.uk,Male,22.94.29.111
892,Rania,Place,rplaceor@4shared.com,Male,35.90.120.82
893,Dannie,Newell,dnewellos@salon.com,Female,171.8.197.72
894,Claire,Alvaro,calvaroot@samsung.com,Male,97.158.78.64
895,Brianna,Penburton,bpenburtonou@is.gd,Female,207.127.149.120
896,Rosy,Aylmore,raylmoreov@nasa.gov,Male,119.91.45.151
897,Dani,Nesfield,dnesfieldow@dagondesign.com,Male,51.162.255.236
898,Alika,Brinson,abrinsonox@furl.net,Female,209.229.248.24
899,Smitty,Ballaam,sballaamoy@amazonaws.com,Female,200.224.169.75
900,Terence,Rootes,trootesoz@csmonitor.com,Male,67.7.191.1
901,Ashby,Pietrzyk,apietrzykp0@goo.ne.jp,Male,201.231.182.137
902,Therese,Cluer,tcluerp1@engadget.com,Female,243.252.17.253
903,Moses,Pecha,mpechap2@yellowpages.com,Female,180.183.178.200
904,Sanson,Austick,saustickp3@reference.com,Male,78.152.97.218
905,Lenna,Ashpital,lashpitalp4@deliciousdays.com,Male,34.225.33.124
906,Alexa,Billett,abillettp5@ucsd.edu,Male,76.232.132.248
907,Bartlett,Ambrogini,bambroginip6@va.gov,Female,135.234.117.200
908,Bruno,O' Loughran,boloughranp7@state.tx.us,Female,148.222.201.42
909,D'arcy,Perillio,dperilliop8@livejournal.com,Male,130.132.42.63
910,Silvano,Stockney,sstockneyp9@sciencedirect.com,Female,105.201.105.170
911,Gibby,Allner,gallnerpa@umn.edu,Female,213.147.51.123
912,Giff,Gerleit,ggerleitpb@liveinternet.ru,Male,120.199.209.53
913,Nadya,Hakes,nhakespc@google.pl,Male,140.100.188.209
914,Townie,Caistor,tcaistorpd@wiley.com,Male,190.44.143.191
915,Eleanor,Keat,ekeatpe@rambler.ru,Female,1.184.161.171
916,Emlyn,Venditti,evendittipf@youtu.be,Female,212.181.128.130
917,Isis,Skeggs,iskeggspg@jalbum.net,Polygender,130.59.117.155
918,Rourke,Crepin,rcrepinph@theguardian.com,Female,154.21.191.202
919,Deloria,Tink,dtinkpi@yale.edu,Male,101.200.42.95
920,Dorelle,Bannard,dbannardpj@berkeley.edu,Male,106.125.84.127
921,Benn,Pavkovic,bpavkovicpk@ibm.com,Male,31.132.213.142
922,Care,Bernardini,cbernardinipl@reference.com,Female,4.222.175.231
923,Temp,Scone,tsconepm@webeden.co.uk,Male,208.99.120.8
924,Karol,Lount,klountpn@mayoclinic.com,Female,135.96.75.239
925,Chadd,Rieflin,crieflinpo@virginia.edu,Genderqueer,254.8.50.128
926,Corny,Stollen,cstollenpp@netvibes.com,Male,56.213.230.87
927,Robinett,Lockett,rlockettpq@diigo.com,Female,247.143.60.91
928,Rubia,Roscher,rroscherpr@discovery.com,Male,73.96.188.92
929,Rozamond,Whitworth,rwhitworthps@woothemes.com,Male,210.68.0.18
930,Gilberto,Godbald,ggodbaldpt@geocities.com,Female,194.119.223.18
931,Kristin,Ellery,kellerypu@europa.eu,Male,155.231.78.225
932,Wilmette,Laise,wlaisepv@wisc.edu,Female,176.21.222.120
933,Pernell,Wickling,pwicklingpw@simplemachines.org,Female,110.30.238.149
934,Jay,Service,jservicepx@latimes.com,Male,137.99.144.243
935,Carmelia,Fritter,cfritterpy@ucsd.edu,Male,129.221.8.55
936,Torie,Draaisma,tdraaismapz@taobao.com,Male,17.217.98.162
937,Arly,Oosthout de Vree,aoosthoutdevreeq0@intel.com,Female,60.213.166.86
938,Tiffany,Urch,turchq1@thetimes.co.uk,Male,105.70.42.153
939,Vanya,Broadist,vbroadistq2@reuters.com,Female,122.78.192.211
940,Nicolina,Kynson,nkynsonq3@hhs.gov,Male,244.176.4.39
941,Ann,Sutton,asuttonq4@networkadvertising.org,Female,102.167.137.156
942,Irvine,Iacovielli,iiacovielliq5@cisco.com,Male,71.75.177.201
943,Giacinta,Goggan,ggogganq6@wp.com,Bigender,247.123.249.131
944,Marietta,Regenhardt,mregenhardtq7@addtoany.com,Male,140.183.81.204
945,Iorgos,Goulthorp,igoulthorpq8@infoseek.co.jp,Female,115.71.187.117
946,Nelly,Edmonson,nedmonsonq9@ifeng.com,Female,204.48.87.71
947,Kiele,Windle,kwindleqa@chronoengine.com,Female,11.129.122.37
948,Malcolm,Paten,mpatenqb@youku.com,Female,139.179.168.211
949,Nanci,Petley,npetleyqc@taobao.com,Male,132.75.177.87
950,Abeu,Treske,atreskeqd@ocn.ne.jp,Female,59.201.70.108
951,Cari,Mc Elory,cmceloryqe@canalblog.com,Male,115.183.29.198
952,Sabina,Peacey,speaceyqf@wp.com,Female,255.35.4.117
953,Worthington,Seeley,wseeleyqg@theatlantic.com,Male,172.25.145.66
954,Mable,Pierucci,mpierucciqh@nymag.com,Female,32.161.224.245
955,Vaclav,Dowry,vdowryqi@java.com,Female,163.175.248.51
956,Tadeas,Chucks,tchucksqj@deliciousdays.com,Female,174.50.189.147
957,Alvis,Smieton,asmietonqk@fda.gov,Male,104.193.90.246
958,Tammie,Stonnell,tstonnellql@about.me,Female,249.88.92.184
959,Cookie,Fusedale,cfusedaleqm@infoseek.co.jp,Genderfluid,179.98.18.7
960,Abraham,Franceschi,afranceschiqn@virginia.edu,Female,236.14.185.154
961,Mala,Gerson,mgersonqo@creativecommons.org,Male,95.220.226.208
962,Christal,Frossell,cfrossellqp@noaa.gov,Female,132.234.169.207
963,Even,Gammage,egammageqq@twitpic.com,Female,179.131.183.134
964,Ralf,Benting,rbentingqr@princeton.edu,Female,116.206.220.125
965,Kalil,Grove,kgroveqs@ft.com,Female,57.183.153.17
966,Haskel,Goodhall,hgoodhallqt@china.com.cn,Female,245.121.152.217
967,Julius,Hentze,jhentzequ@com.com,Male,204.29.22.149
968,Wakefield,Tudhope,wtudhopeqv@nyu.edu,Female,145.231.17.241
969,Warren,Jurick,wjurickqw@wikipedia.org,Male,105.195.2.96
970,Jonis,Gottelier,jgottelierqx@usgs.gov,Female,230.137.32.101
971,Neal,Chantree,nchantreeqy@vimeo.com,Female,78.75.79.63
972,Cristabel,Ackery,cackeryqz@wikimedia.org,Female,237.65.142.103
973,Elene,Abys,eabysr0@360.cn,Female,75.86.150.59
974,Arny,Petti,apettir1@ifeng.com,Male,61.2.200.54
975,Melly,Jacox,mjacoxr2@mapquest.com,Male,197.174.121.1
976,Reinald,MacGinlay,rmacginlayr3@ning.com,Female,62.164.209.11
977,Frederic,Whipple,fwhippler4@trellian.com,Female,105.175.100.237
978,Herold,Vallantine,hvallantiner5@guardian.co.uk,Male,205.217.169.150
979,Marcus,Habbal,mhabbalr6@tinypic.com,Male,230.211.134.198
980,Lorens,Evered,leveredr7@youtu.be,Male,91.235.128.217
981,Fredrick,Blazeby,fblazebyr8@cocolog-nifty.com,Female,249.25.215.112
982,Tobi,Lucia,tluciar9@discovery.com,Male,71.152.121.46
983,Blondie,Chelam,bchelamra@foxnews.com,Female,239.42.166.244
984,Germain,Stonelake,gstonelakerb@wunderground.com,Non-binary,162.230.171.182
985,Glynnis,Bearward,gbearwardrc@goo.ne.jp,Female,68.153.223.68
986,Marjory,Stirton,mstirtonrd@shinystat.com,Genderqueer,236.235.14.247
987,Burr,Cosins,bcosinsre@homestead.com,Female,120.195.154.98
988,Martyn,Mirralls,mmirrallsrf@ebay.com,Male,231.24.7.146
989,Katerina,McNelly,kmcnellyrg@exblog.jp,Male,244.206.185.18
990,Evita,Whiteoak,ewhiteoakrh@cpanel.net,Female,222.5.171.47
991,Rowen,Regelous,rregelousri@ustream.tv,Female,14.87.88.207
992,Bay,Edwardson,bedwardsonrj@tripadvisor.com,Male,180.33.239.222
993,Lacy,Peskett,lpeskettrk@washingtonpost.com,Female,215.15.226.193
994,Luciano,Ferryman,lferrymanrl@amazonaws.com,Male,221.254.105.34
995,Hardy,Raynton,hrayntonrm@forbes.com,Female,228.6.206.87
996,Suellen,Gounet,sgounetrn@bandcamp.com,Female,161.243.100.107
997,Noel,Lascelles,nlascellesro@hatena.ne.jp,Female,116.206.147.153
998,Drucy,Curmi,dcurmirp@mtv.com,Genderqueer,155.129.158.220
999,Mylo,Tuckley,mtuckleyrq@csmonitor.com,Female,231.183.175.98
1000,Nanette,Tudhope,ntudhoperr@com.com,Female,103.181.174.169
